{
  "count": 30,
  "top1": 0.16666666666666666,
  "top3": 0.3333333333333333,
  "top5": 0.5666666666666667,
  "mrr": 0.3328338001867414,
  "map_at_10": 0.3280952380952381,
  "ndcg_at_10": 0.4242977714276591
}