{
  "count": 205,
  "top1": 0.2780487804878049,
  "top3": 0.6195121951219512,
  "top5": 0.6195121951219512,
  "mrr": 0.4284552845528455,
  "map_at_10": 0.4284552845528455,
  "ndcg_at_10": 0.47752116541812484
}