{
  "count": 205,
  "top1": 0.375609756097561,
  "top3": 0.6195121951219512,
  "top5": 0.697560975609756,
  "mrr": 0.5052845528455284,
  "map_at_10": 0.5052845528455284,
  "ndcg_at_10": 0.5537371075957267
}